ID,UPA,EventDate,Employer,Address1,Address2,city,state,Zip,Latitude,Longitude,Primary_NAICS,Hospitalized,Amputation,Loss_Of_Eye,Inspection,FinalNarrative,Nature,NatureTitle,Part_of_Body,Part_of_Body_Title,Event,EventTitle,Source,sourceTitle,Secondary_Source,Secondary_Source_Title
"2025099103","2348030","2025-09-11","Helmerich & Payne Drilling, Inc.","Rig 625 Helmerich & Payne","","KERMIT","TEXAS","79745","","","213111","0","1","0","","While bringing a torque tube and grabber box in to close the grabber door, an employee went to shift the torque tube with his right hand. When he reached up with his left hand, the grabber box slid down and partially amputated his left thumb.","1220"," Amputations, avulsions, enucleations  unspecified","4422"," Thumb(s)","60"," Contact incidents  unspecified","3250"," Drilling and extraction machinery  unspecified","990"," Source, secondary source  unspecified"
"2025076653","2317836","2025-07-09","Axis Energy Services","7505 W. Interstate 20 Service Rd","","ODESSA","TEXAS","79763","31.8","-102.44","213111","1","0","0","","During maintenance of an annular blowout preventer, air pressure was applied to dislodge a stuck internal piston. The piston ejected and struck an employee's left bicep, causing a laceration and a fracture.","1823"," Fractures and surface, flesh wounds ","421"," Upper arm(s)","6422"," Struck by dislodged or detached object(s)","4621"," Combustion engine blocks, cylinders, pistons","3254"," Wellhead valves"
"2025077257","2326331","2025-07-25","Dee Drilling Co","Unknown Highway 130","Well between Albion & Grayville","ALBION","ILLINOIS","62806","42.18","-84.29","213111","2","0","0","1840053","Three employees were servicing and cleaning an oil well when a fire occurred. All three employees were burned. One employee was treated and released. Two employees were hospitalized and one hospitalized employee required surgery.","1520"," Thermal burns  degree unspecified","990"," Part of body  unspecified","324"," Vehicle or machinery fire ","3250"," Drilling and extraction machinery  unspecified","990"," Source, secondary source  unspecified"
"2025087589","2329992","2025-08-01","Mai Oil Operations, Inc.","North of Intersection of R Road and 360 Ave, in the SW/4 sec 29-13-21W","","ELLIS","KANSAS","67637","38.94","-99.56","213111","1","0","0","1841991","An employee was preparing to install a wrist pin that was suspended by a winch truck into a pumping unit when the winch truck pole fell, striking them. The employee sustained a head laceration and crushing injuries to the cervical and thoracic regions of their spine.","103"," Nonfatal 'crushing' injuries","821"," Neck and back","640"," Struck by propelled, falling, or suspended object  unspecified","479"," Vehicle and mobile equipment parts  n.e.c.","8421"," Tow truck"
"2025087666","2331003","2025-08-04","J A Drake Well Servicing Co","Lat 37.179137 Long -107.897769 La Plata County Rd 213","","DURANGO","COLORADO","81301","37.04","-107.87","213111","1","0","0","","An employee was guiding a work truck as it backed up to a float trailer when they were caught between the truck and the trailer. The employee sustained soft tissue injuries to their abdomen and back.","140"," Soft tissue injuries  unspecified","38"," Multiple trunk locations","2533"," Pedestrian struck by vehicle backing up in nonroadway area","8430"," Trucks  unspecified","991"," Secondary source not applicable"
"2025087784","2332678","2025-08-07","Cactus Drilling Company, LLC","600 - 610 Zamora Road","Rig 140","LAREDO","TEXAS","78045","27.47","-99.45","213111","0","1","0","","A 5.5-inch production casing was being rolled. An employee was loading it onto a hydraulic catwalk when their left little fingertip was crushed between casing and the casing roller ramp. The fingertip was amputated behind the nailbed.","1220"," Amputations, avulsions, enucleations  unspecified","4421"," Finger or thumb tip(s), nail(s)","6619"," Injured by object handled by person  n.e.c.","4223"," Pipes, tubes  metal","3250"," Drilling and extraction machinery  unspecified"
"2025087910","2334062","2025-08-11","Nick MB Enterprises, LLC","Bear Den location Deep Creek 44x-5 pad","","WATFORD CITY","NORTH DAKOTA","58854","47.88","-103.26","213111","1","0","0","","An employee was restarting a compressor when he bumped into the side of a staircase and suffered a bruised leg. The employee was hospitalized. ","134"," Bruises, contusions ","520"," Leg(s)  unspecified","6659"," Struck against stationary object  n.e.c.","6611"," Stairs, steps","991"," Secondary source not applicable"
"2025088305","2338470","2025-08-20","Independence Contract Drilling, Inc.","Rig 332","","PECOS","TEXAS","79772","31.46","-103.39","213111","0","1","0","","On August 20, 2025, at 8:00 a.m., two employees were removing a suction module on a mud pump. Three bolts were sheared off and the fourth bolt was frozen, making it difficult to remove the module. The employees used a 5-foot pry bar inserted in the bolt hole to free up the module while a forklift bumped and lifted the module using a two-part sling. When the forklift bumped the module, the module came free, causing the pry bar to jump and pinch the injured employee's left little finger against the pulsation dampener, which resulted in a partial fingertip amputation.","1220"," Amputations, avulsions, enucleations  unspecified","4421"," Finger or thumb tip(s), nail(s)","6611"," Injured by object held or wielded by person","7194"," Crowbars","8621"," Forklift, order picker, platform truck powered"
"2025088412","2340064","2025-08-23","Diamondback Energy","Apollo 38-1 #233","","TARZAN","TEXAS","79783","32.3","-101.94","213111","1","0","0","","An employee was working to pull and inspect a plunger. While working to move the bumper spring further up for retrieval using gas pressure, the bumper spring ejected forcefully into the air, falling back down, and striking the employee on the back of the hard hat. The employee sustained a brain bleed and concussion, and fractures to their neck/cervical spine.","1811"," Injuries to the brain, spinal cord and severe wounds, internal injuries","811"," Head and neck","6422"," Struck by dislodged or detached object(s)","4623"," Springs, coils","3250"," Drilling and extraction machinery  unspecified"
"2025088688","2342979","2025-08-30","Cactus Drilling Company, LLC","428 Harmony Road","","SAN AUGUSTINE","TEXAS","75972","31.87","-94.09","213111","1","0","0","","An employee was watching the landing joint being lowered into the rotary table when it clipped the slip bowl, causing the slip bowl to flip over and strike the employee's legs. The employee's right femur was fractured and they sustained a fracture to the left leg below the knee. The employee was hospitalized.","124"," Fractures   ","5289"," Multiple leg locations  n.e.c.","6439"," Struck by other falling object  n.e.c.","3253"," Rotary system equipment","3253"," Rotary system equipment"
"2025098921","2345564","2025-09-06","Squared Away Energy Services","Near 5600 Country Rd 3000 (Cox Rd-3405, left Keystone Rd)","Patterson Oil Rig Site #271","PEARSALL","TEXAS","78061","28.83","-98.99","213111","0","1","0","1849390","An employee was rigging chain slings to a centrifuge stand for a crane to lift it. Their right index finger became caught in the rigging, resulting in a partial amputation.","1220"," Amputations, avulsions, enucleations  unspecified","4429"," Other finger(s)  n.e.c.","664"," Caught or wedged between objects  nonrunning","4422"," Chains","990"," Source, secondary source  unspecified"
"2025066189","2312531","2025-06-27","Patterson-UTI Drilling Company, LLC","Rig 580","GPS_Coordinates: 40.32502604, -081.27783458","UHRICHSVILLE","OHIO","44683","40.39","-81.34","213111","1","0","0","","An employee was standing on a piece of equipment called a K-brace, approximately 3.5 feet off the ground. He was working to assemble part of the K-brace. He was driving a metal pin with a sledgehammer and put the sledgehammer on the ground. He then hopped off the K-brace backward and struck the handle of the sledgehammer as he came to the ground. The employee was hospitalized with a laceration to his left buttocks and a fractured tailbone.","124"," Fractures   ","324"," Back  coccygeal region","4141"," Other fall to lower level  less than 6 feet","990"," Source, secondary source  unspecified","7152"," Sledges, sledgehammers"
"2025099120","2348352","2025-09-12","Norton Energy Drilling, L.L.C","32.11060  N, 101.01784  W","23 miles south of Colorado City Texas","STERLING CITY","TEXAS","76951","31.88","-101.03","213111","1","0","0","","An employee was working on a drilling rig, tripping in a stand of drill pipe. While the final stand was being set into the elevators, the pipe made contact with the latch mechanism rather than entering the elevator opening. This misalignment caused the stand to rebound toward the employee. The employee was stabilizing the pipe when it ricocheted back toward the elevators. The employee s left ring finger was caught and broken between the drill pipe and the elevator assembly.","124"," Fractures   ","4429"," Other finger(s)  n.e.c.","6449"," Struck by suspended or swinging objects  n.e.c.","4649"," Machine and tool parts, accessories  n.e.c.","3250"," Drilling and extraction machinery  unspecified"
"2025099684","2354652","2025-09-27","ROBINSON DRILLING OF TEXAS, LTD","31 35'39.4"N 103 18'45.4"W","","PECOS","TEXAS","79772","31.4","-103.51","213111","1","1","0","","An employee was rigging up a location. He was using an Allen wrench to free up rotation and start the drawworks engine manually. The engine rotated and his left little finger became caught between the Allen wrench and the engine. The employee sustained an amputation to his little finger and fractures to his wrist.","1220"," Amputations, avulsions, enucleations  unspecified","4429"," Other finger(s)  n.e.c.","652"," Struck by running powered equipment  during maintenance, cleaning, testing","3250"," Drilling and extraction machinery  unspecified","7144"," Wrenches, ratchets"
"2025099762","2351164","2025-09-18","ZJ Falcon LP dba Falcon Energy Services","Colt 34-103 1H","","ODESSA","TEXAS","79760","31.86","-102.4","213111","0","1","0","","An employee's glove was caught in a rotating rod, breaking and degloving their right ring finger. During treatment, a small amount of bone was removed from the finger.","1221"," Amputations involving bone loss","4429"," Other finger(s)  n.e.c.","653"," Caught, entangled in running powered equipment  normal operation","3251"," Drilling machines, drill apparatus","9217"," Gloves, handguards  except disposable, electric insulating"
"20251010281","2371628","2025-10-14","Amercian Well Service Llp","Near 119th Avenue NW","Garmann 19-18f #8tfh Well Pad","WATFORD CITY","NORTH DAKOTA","58854","47.66","-102.83","213111","0","1","0","","An employee was working to remove a stuck fish tool from a drill shoe. Their thumb was struck by a hammer, resulting in amputation.","1221"," Amputations involving bone loss","4422"," Thumb(s)","6611"," Injured by object held or wielded by person","7157"," Other hammers, mallets","990"," Source, secondary source  unspecified"
"20251010471","2372274","2025-10-21","C. Miller Drilling Inc","Well Drilling Site in Pilot Point","","PILOT POINT","TEXAS","76258","33.39","-96.96","213111","1","0","0","","A service crew was pulling a pump and motor from a well. After breaking a joint of pipe loose from another joint, an employee grabbed the chain tongs to prevent the pipe from spinning in the well, so the crew could continue taking it apart. The bolt that attaches the chain to the handle of the chain tongs broke, causing the chain to swing around and strike the employee's lower right leg. The chain severely punctured his leg and fractured his tibia.","1823"," Fractures and surface, flesh wounds ","523"," Lower leg(s)","6422"," Struck by dislodged or detached object(s)","4422"," Chains","3250"," Drilling and extraction machinery  unspecified"
"20251010530","2371997","2025-10-22","Hall Drilling, LLC","Oil and Gas Well Pad","","HANNIBAL","OHIO","43931","39.66","-80.87","213111","1","0","0","","An employee was stepping down off a 6-inch containment platform to finish loading his truck, when his right ankle rolled. The employee sustained a fractured tibia and fibula at the right ankle and required surgery.","124"," Fractures   ","53"," Ankle(s)","731"," Climbing or stepping  up or down","562"," Bodily motion or position of injured, ill worker","2119"," Nonpressurized containers  n.e.c."
"2025109905","2364467","2025-10-02","Axis Energy Services","Interstate I20","","WICKETT","TEXAS","79788","31.56","-102.99","213111","1","0","0","","An employee arrived on location and loaded a blow-out-preventer (BOP) on a 1-ton flatbed truck. While standing on the flatbed securing the the BOP, the employee stepped into a void/hole on the flatbed surface. This caused him to lose balance and fall off the truck bed with his leg still caught in the hole. As a result, he sustained fractures to his left leg.","124"," Fractures   ","520"," Leg(s)  unspecified","4141"," Other fall to lower level  less than 6 feet","8434"," Other semi, tractor-trailer","6622"," Existing opening, hole in constructed surface"
"20251110892","2365514","2025-11-02","Helmerich & Payne","H&P rig 628","","RANKIN","TEXAS","79778","","","213111","1","1","0","","An employee was operating a hydraulic winch and manipulating the hoist cable when his finger became caught in the line and was pulled into the hoist. The employee was hospitalized with the partial amputation of their right middle finger.","1220"," Amputations, avulsions, enucleations  unspecified","4429"," Other finger(s)  n.e.c.","653"," Caught, entangled in running powered equipment  normal operation","3250"," Drilling and extraction machinery  unspecified","454"," Drums, pulleys, sheaves"
"20251110966","2368285","2025-11-04","WDI Drilling Equipment Services, LLC 11633","11633 Spring, TX","","TOMBALL","TEXAS","77377","30.01","-95.6","213111","1","0","0","","An employee had been dislodging trash that got stuck in a dumpster. The employee jumped from the dumpster to the ground and sustained fractures to their leg and heel, requiring hospitalization.","124"," Fractures   ","5820"," Foot(feet) and leg(s)  unspecified","4140"," Other fall to lower level  unspecified","2115"," Tanks, bins, vats  except confined space","660"," Ground, travel, and support surfaces  unspecified"
"20251111000","2365542","2025-11-05","ZJ Falcon LP dba Falcon Energy Services","Diamondback Cole Ranch 41-4","","MIDLAND","TEXAS","79701","31.99","-102.08","213111","1","0","0","","An employee was rescuing a contractor in a fire when a hot oiler truck caught fire and exploded. The employee sustained burns to their hand, arm, and back.","1520"," Thermal burns  degree unspecified","833"," Trunk and other upper extremities","310"," Explosion  unspecified","8429"," Trucks with other mounted machinery, equipment  n.e.c.","9552"," Fire, flame"
"2025032662","2275522","2025-03-20","Patterson-UTI Drilling Company LLC","Rig 596","","RATLIFF CITY","OKLAHOMA","73481","34.43","-97.52","213111","0","1","0","","An employee fell onto a rig floor while a stand of drill pipe was being moved nearby. The employee had just braced himself, putting his hand out in front of him, when the stand of pipe was set down on the floor. It crushed the employee's left ring finger, resulting in an amputation to the finger.","1220"," Amputations, avulsions, enucleations  unspecified","4429"," Other finger(s)  n.e.c.","6619"," Injured by object handled by person  n.e.c.","4223"," Pipes, tubes  metal","5721"," Co-worker, supervisor  current"
"2025010176","2249622","2025-01-07","NorAm Drilling Company","Neal Ranch","31.4715965, -102.1316943","CRANE","TEXAS","79731","31.39","-102.35","213111","1","0","0","","An employee was spinning pipe together when a catwalk was pushed into the pipe and the box end of the drill pipe struck the employee in the back. The employee sustained fractures to two ribs and six transverse processes.","124"," Fractures   ","38"," Multiple trunk locations","60"," Contact incidents  unspecified","4223"," Pipes, tubes  metal","990"," Source, secondary source  unspecified"
"2025010920","2257145","2025-01-29","Centerline Drilling, Inc.","1501 Corporate Drive","Water Well 22E","BOYNTON BEACH","FLORIDA","33426","26.51","-80.07","213111","1","0","0","","An employee was uncovering a water well when a chemical or gas flash occurred. The employee was contacted by high-pressure gas and sustained burns to his face and left hand.","150"," Burns, corrosions, electrical injuries  unspecified","813"," Head and extremities","990"," Event or exposure  unspecified","10"," Chemicals and hazardous materials  unspecified","990"," Source, secondary source  unspecified"
"2025010937","2257481","2025-01-29","NexTier Completion Solutions","Van Berkom Location Well 4B Stage 37","","STANLEY","NORTH DAKOTA","58784","48.34","-102.41","213111","1","0","0","","An employee was in the cab of the blender, preparing for well injection at a fracking site. The driveline disengaged from the transmission and started striking the cage that encloses the driveline. This created sparks and ignited a fire. The employee sustained burns around their eyes and cheeks and burns to both hands.","1520"," Thermal burns  degree unspecified","813"," Head and extremities","324"," Vehicle or machinery fire ","3250"," Drilling and extraction machinery  unspecified","4626"," Transmissions, gears"
"2025010976","2258002","2025-01-30","Latshaw Drilling","Farm to Market road 1379","","MIDLAND","TEXAS","79706","31.88","-102.01","213111","1","0","0","","An employee was replacing an electrical guard at the power house when a wrench contacted a powerline. An arc flash occurred and the employee sustained burns to his right hand.","1531"," Electrical burns  any degree ","440"," Hand(s), finger(s)  unspecified","513"," Exposure to electric arc","4612"," Power lines, transformers, convertors","7144"," Wrenches, ratchets"
"2025021117","2259686","2025-02-04","Patterson UTI Drilling","N 31.8239 W - 104.0772","Rig 817","ORLA","TEXAS","79770","31.82","-103.9","213111","1","0","0","","A forklift was setting 8" non-magnetic collars onto a holder that an employee had placed on the ground. As the employee walked away from the holder, the collars rolled toward him and struck his lower left leg. The employee sustained a fractured ankle.","124"," Fractures   ","53"," Ankle(s)","663"," Struck by rolling, sliding, or shifting objects non-running","4649"," Machine and tool parts, accessories  n.e.c.","991"," Secondary source not applicable"
"2025021658","2264891","2025-02-19","Eastham Drilling, Inc.","Big E Drilling Rig 7","GPS Coordinates: 28.40262 N, 99.17467 W","CARRIZO SPRINGS","TEXAS","78834","28.5","-99.72","213111","1","0","0","","An employee was operating a forklift to drain some hoses of oil-based mud. The employee drove the forklift on soft and uneven ground, stopped, and raised the boom approximately forty feet to begin draining the hoses. As the employee stepped off the forklift, the soft ground gave way (impression of at least 9") and the forklift began tipping over. The employee was struck by the boom as it was falling and sustained a dislocated knee as well as a back injury.","141"," Dislocations","522"," Knee(s)","6432"," Struck by object tipping over","8629"," Industrial vehicle, material hauling and transport powered, n.e.c.","6635"," Ground irregularity"
"2025021704","2266034","2025-02-20","Power Rig, LLC","Mollie #4H","Intersection of State Hwy 58 and State Hwy 8","FAIRVIEW","OKLAHOMA","73737","36.3","-98.03","213111","1","0","0","","An employee was working on an oil and gas drilling rig and tripping pipe out of the hole. After the employee finished work and took off his gloves, he noticed his fingers had frostbite.","1711"," Frostbite ","4429"," Other finger(s)  n.e.c.","5322"," Exposure to environmental cold  outdoor","9541"," Cold environmental","991"," Secondary source not applicable"
"2025032020","2269023","2025-03-03","Patterson-UTI Drilling Company, LLC","Rig 596","GPS_Coordinates: N 34.43308, W ?97.52518","RATLIFF CITY","OKLAHOMA","73481","34.43","-97.52","213111","1","0","0","","An employee was standing on the ground while rolling a pony sub from the forks of a forklift onto a catwalk. The sub shifted and fell approximately two feet onto the top of their right safety boot. The employee was hospitalized with a fractured foot that required surgery.","124"," Fractures   ","540"," Foot (feet), toe(s)  unspecified","6439"," Struck by other falling object  n.e.c.","3259"," Drilling and extraction machinery  n.e.c.","8621"," Forklift, order picker, platform truck powered"
"2025032241","2271152","2025-03-09","Ensign US Southern Drilling LLC","40.38876  N, 104.88076  W","Ensign Rig 358","MILLIKEN","COLORADO","80543","40.38","-104.84","213111","1","0","0","1809929","Tubulars were being tripped out of the well at a work-over rig. A tubular was unlatched from the elevator and pulled into the derrick. It came into contact with the front of the diving board and was jolted back under the blocks, causing it to bow. It struck the head of an employee on the ground who was numbering the tubulars and guiding them onto the tubing board, and he fell back. He suffered a subarachnoid hemorrhage.","1112"," Cerebral and other intracranial hemorrhages without skull fracture  ","111"," Brain","640"," Struck by propelled, falling, or suspended object  unspecified","4223"," Pipes, tubes  metal","990"," Source, secondary source  unspecified"
"2025032390","2273406","2025-03-13","Harley Drilling and Producing Ltd.","8273 Burbank Road","","WOOSTER","OHIO","44691","40.89","-81.97","213111","0","1","0","1812051","An employee was working on a well. He turned the well on and off, trying to get the head of the well to come up. He then went to adjust the well with a wrench. To access the fittings at the front of the well, the employee put his wrench on the pulley bar to slow down the well. The employee's finger was pinched between the wrench and an angle iron, resulting in amputation to the left ring fingertip.","1220"," Amputations, avulsions, enucleations  unspecified","4421"," Finger or thumb tip(s), nail(s)","6611"," Injured by object held or wielded by person","7144"," Wrenches, ratchets","991"," Secondary source not applicable"
"2025010135","2249116","2025-01-06","Nabors Drilling Crosby Tx.","2100 Crosby Dayton Rd","","CROSBY","TEXAS","77532","29.92","-95.04","213111","0","1","0","","Employees were preparing to lift a grasshopper cable tray with an overhead crane. The brackets supporting the grasshopper on the ground collapsed, causing the stand of the grasshopper to fall and land on the injured employee's right foot, resulting in amputation of their right small toe.","1221"," Amputations involving bone loss","542"," Toes(s), toenail(s)","6439"," Struck by other falling object  n.e.c.","3252"," Oil well pump","4419"," Fasteners  n.e.c."
"2025032979","2278601","2025-03-31","SRP Environmental, LLC.","3345 Medpark Drive","","DENTON","TEXAS","76210","33.18","-97.09","213111","1","0","0","","An employee was lifting a manhole cover. The cord being used broke and the cover fell on the employee's foot. The employee sustained fractured toes.","124"," Fractures   ","542"," Toes(s), toenail(s)","6439"," Struck by other falling object  n.e.c.","4912"," Manhole and cistern covers","4420"," Ropes, ties, chains  unspecified"
"2025043094","2279785","2025-04-02","Nabors Drilling, Ltd","INTERSECTION OF HWY 85 ( BRUNDAGE ) AND FM 190","","GONZALES","TEXAS","78629","29.54","-97.54","213111","0","1","0","","An employee was installing the bottom bolt on a flange when a horizontal supporting board shifted, causing the flange to tilt toward the employee and the employee's left ring finger was caught between flanges. The employee sustained an amputation to the left ring fingertip including soft tissue and the tuft.","1221"," Amputations involving bone loss","4421"," Finger or thumb tip(s), nail(s)","664"," Caught or wedged between objects  nonrunning","4416"," Pipe fittings, collars","40"," Parts and materials  unspecified"
"2025043298","2282374","2025-04-09","H.A.D. Inc","9797 Benner Road","","RITTMAN","OHIO","44270","40.91","-81.78","213111","1","0","0","","At 3:47 p.m. on April 9, 2025, an employee was about to fill a tote with water on the back of a flatbed truck. When the water pump was turned on, the hose the employee was holding surged out of his hands. He lost his balance and fell to the ground 41 inches below the truck bed. His head struck the ground and he went unconscious and had a large bump on right side of his head about 1-2" above his ear. The employee was hospitalized.","1113"," Concussions","111"," Brain","4141"," Other fall to lower level  less than 6 feet","8434"," Other semi, tractor-trailer","345"," Pumps  except oil well"
"2025044044","2289162","2025-04-30","Berexco LLC","oil well site - no street address","","JOHNSON","KANSAS","67855","37.56","-101.7","213111","1","1","0","","An employee was using a motorized saw to cut the top off a test barrel. His left glove got caught and pulled into the saw, resulting in amputation of the index fingertip.  The employee was hospitalized. ","1220"," Amputations, avulsions, enucleations  unspecified","4421"," Finger or thumb tip(s), nail(s)","653"," Caught, entangled in running powered equipment  normal operation","7122"," Saws  except chainsaws","9217"," Gloves, handguards  except disposable, electric insulating"
"2025054177","2290091","2025-05-04","Helmerich & Payne Drilling, Inc.","Rig 625","","MENTONE","TEXAS","79754","31.71","-103.59","213111","1","0","0","","An employee was working on the rig floor when an electrical wire was plugged into an outlet and an arc flash (600V) occurred. The employee sustained burns to his left forearm, thumb, and index finger.","1531"," Electrical burns  any degree ","4819"," Hand(s) and arm(s)  n.e.c.","513"," Exposure to electric arc","4613"," Power cords, electrical cords, extension cords","991"," Secondary source not applicable"
"2025054232","2291186","2025-05-06","Cactus Drilling Company, LLC","SRH-1449 HM RM -33","","BIG LAKE","TEXAS","76932","31.41","-101.54","213111","1","0","0","","An employee was inspecting the liners of a mud pump that was making noise. The machine was shut down. As the pump was idling down, the inspection plate blew and knocked the employee back. Hot gear oil from the pump blew onto him, causing second-degree burns to his left arm and the left side of his face and ear. The employee was hospitalized.","1522"," Thermal burns  second degree","813"," Head and extremities","533"," Contact with hot objects or substances","1642"," Lubricating fluids ","3255"," Drilling fluids systems"
"2025054931","2298099","2025-05-25","Power Rig, LLC","Power Rig #1","","DOVER","OKLAHOMA","73734","35.98","-97.91","213111","0","1","0","","An employee was wiping oil off an engine radiator housing with a rag. The radiator fan sucked the rag through the shroud/guard along with three of the employee's fingers. The employee sustained amputations to his left index, middle, and ring fingertips.","1220"," Amputations, avulsions, enucleations  unspecified","4421"," Finger or thumb tip(s), nail(s)","652"," Struck by running powered equipment  during maintenance, cleaning, testing","30"," Machinery  unspecified","7179"," Cleaning handtools  n.e.c."
"2025065170","2300407","2025-06-01","Scandrill Inc","6 miles North of Pyote","","PECOS","TEXAS","79772","31.44","-103.57","213111","0","1","0","","An employee was pushing a stand of 4.5-inch drill pipe into position on the driller's side racking mat when he slipped and placed his hand down to catch himself. The stand was set down to floor level, landing on his left index finger. The finger was crushed, resulting in a partial amputation between the first and second knuckles.","1221"," Amputations involving bone loss","4429"," Other finger(s)  n.e.c.","4311"," Fall on same level resulting in exposure or contact ","6624"," Other constructed surface","3250"," Drilling and extraction machinery  unspecified"
"2025065232","2302005","2025-06-03","Ard Well Service, LLC","Unknown","","COLDSPRING","TEXAS","77331","30.58","-95.11","213111","0","1","0","","An employee was assisting in taking slips off the well and reached to pull the equipment. The brake slipped and the employee's index finger was crushed and amputated.","1221"," Amputations involving bone loss","4429"," Other finger(s)  n.e.c.","60"," Contact incidents  unspecified","3250"," Drilling and extraction machinery  unspecified","991"," Secondary source not applicable"
"2025065949","2310429","2025-06-23","Helmerich & Payne Drilling, Inc.","31.5498910 N / Long: -101.6812463 W","","MIDLAND","TEXAS","79701","31.99","-102.08","213111","1","0","0","","An employee was working to straighten up a lifting sub for a reamer while it was inside the automated floor wrench. The spinner doors closed, catching the employee's right forearm. The employee sustained a fractured right radius and a displaced fracture of the right ulna. The employee was hospitalized and required surgery.","124"," Fractures   ","423"," Forearm(s)","650"," Struck by running powered equipment  unspecified","3250"," Drilling and extraction machinery  unspecified","991"," Secondary source not applicable"
